{
  "version": "v1",
  "model_type": "lgbm",
  "created_at": "2026-01-05T15:18:42.968935",
  "metrics": {
    "val_rmsle": 0.4891267807086202,
    "cv_rmsle_mean": 0.48973615343435944,
    "cv_rmsle_std": 0.0015113289660950333,
    "n_train": 1185326,
    "n_val": 296332,
    "n_features": 10028
  },
  "params": {
    "n_estimators": 1000,
    "learning_rate": 0.05,
    "max_depth": 8,
    "num_leaves": 31,
    "min_child_samples": 20,
    "subsample": 0.8,
    "colsample_bytree": 0.8,
    "random_state": 42,
    "n_jobs": -1,
    "verbose": -1
  }
}